-- phpMyAdmin SQL Dump
-- version 4.7.7
-- https://www.phpmyadmin.net/
--
-- Хост: 127.0.0.1:3306
-- Время создания: Авг 07 2019 г., 09:44
-- Версия сервера: 5.6.38
-- Версия PHP: 5.5.38

SET SQL_MODE = "NO_AUTO_VALUE_ON_ZERO";
SET AUTOCOMMIT = 0;
START TRANSACTION;
SET time_zone = "+00:00";


/*!40101 SET @OLD_CHARACTER_SET_CLIENT=@@CHARACTER_SET_CLIENT */;
/*!40101 SET @OLD_CHARACTER_SET_RESULTS=@@CHARACTER_SET_RESULTS */;
/*!40101 SET @OLD_COLLATION_CONNECTION=@@COLLATION_CONNECTION */;
/*!40101 SET NAMES utf8mb4 */;

--
-- База данных: `kurs`
--

-- --------------------------------------------------------

--
-- Структура таблицы `admin`
--

CREATE TABLE `admin` (
  `id_admin` int(11) NOT NULL,
  `FIO` varchar(128) NOT NULL,
  `password` varchar(30) NOT NULL
) ENGINE=InnoDB DEFAULT CHARSET=utf8;

--
-- Дамп данных таблицы `admin`
--

INSERT INTO `admin` (`id_admin`, `FIO`, `password`) VALUES
(1, 'Харевич Вадим Олегович', '1'),
(2, 'Петров Петр Петрович', '2');

-- --------------------------------------------------------

--
-- Структура таблицы `bank_card`
--

CREATE TABLE `bank_card` (
  `id_card` int(11) NOT NULL,
  `id_client` int(11) DEFAULT NULL,
  `id_type` int(11) NOT NULL,
  `id_valyta` int(11) NOT NULL,
  `FIO` varchar(30) DEFAULT NULL,
  `number_card` varchar(100) DEFAULT NULL,
  `ostatok` double NOT NULL,
  `srok_deystviya` date NOT NULL,
  `PIN` int(4) NOT NULL,
  `raschetnaya` varchar(11) DEFAULT NULL,
  `number_phone` varchar(30) DEFAULT NULL
) ENGINE=InnoDB DEFAULT CHARSET=utf8;

--
-- Дамп данных таблицы `bank_card`
--

INSERT INTO `bank_card` (`id_card`, `id_client`, `id_type`, `id_valyta`, `FIO`, `number_card`, `ostatok`, `srok_deystviya`, `PIN`, `raschetnaya`, `number_phone`) VALUES
(1, 1, 1, 4, 'Зуйко Дмитрий Вячеславович', '1111 2222 3333 4444', 1529, '2019-12-20', 1111, 'YES', NULL),
(2, 2, 3, 3, 'Гедроить Максим Андреевич', '1234 5678 9478 9565', 156, '2019-12-20', 2222, 'YES', NULL),
(3, 3, 3, 3, 'Харевич Вадим Олегович', '1234 5178 9452 8765', 18000.520136684, '2021-12-20', 3333, 'YES', NULL),
(4, 6, 6, 1, 'Петров Петр Петрович', '9999 9999 9999 9999', 23817.2, '2020-07-20', 4444, 'YES', NULL),
(5, 3, 2, 1, 'Харевич Вадим Олегович', '1234 1234 1234 1234', 2322.31640934, '2022-12-20', 1234, NULL, '+375441111111'),
(9, 3, 12, 4, 'Харевич Вадим Олегович', '3127 7350 5638 5927', 413.777550451037, '2022-01-21', 3127, NULL, NULL),
(10, 3, 11, 2, 'Харевич Вадим Олегович', '1586 9321 9052 4002', 74426.08832505168, '2023-01-21', 1586, NULL, '375441234567');

-- --------------------------------------------------------

--
-- Структура таблицы `category`
--

CREATE TABLE `category` (
  `id_category` int(11) NOT NULL,
  `category` varchar(100) NOT NULL,
  `image` varchar(300) DEFAULT NULL
) ENGINE=InnoDB DEFAULT CHARSET=utf8;

--
-- Дамп данных таблицы `category`
--

INSERT INTO `category` (`id_category`, `category`, `image`) VALUES
(1, 'Оплата в ЕРИП по коду услуги', 'D:\\интернет-банкинг\\images\\платежи\\1.png'),
(2, 'Интернет, телевидение, телефония', 'D:\\интернет-банкинг\\images\\платежи\\2.png'),
(3, 'Интернет-магазины/сервисы', 'D:\\интернет-банкинг\\images\\платежи\\3.png'),
(4, 'Коммунальные платежи', 'D:\\интернет-банкинг\\images\\платежи\\4.png'),
(5, 'МВД', 'D:\\интернет-банкинг\\images\\платежи\\5.png'),
(6, 'Мобильная связь', 'D:\\интернет-банкинг\\images\\платежи\\7.png'),
(8, 'Образование и развитие', 'D:\\интернет-банкинг\\images\\платежи\\6.png'),
(9, 'Прочие платежи', 'D:\\интернет-банкинг\\images\\платежи\\8.png');

-- --------------------------------------------------------

--
-- Структура таблицы `client`
--

CREATE TABLE `client` (
  `id_client` int(11) NOT NULL,
  `login` varchar(30) NOT NULL,
  `password` varchar(30) NOT NULL,
  `training` varchar(10) DEFAULT NULL
) ENGINE=InnoDB DEFAULT CHARSET=utf8;

--
-- Дамп данных таблицы `client`
--

INSERT INTO `client` (`id_client`, `login`, `password`, `training`) VALUES
(0, '0', '0', NULL),
(1, 'ziko', '1111', NULL),
(2, 'korya', '2222', NULL),
(3, '1', '1', NULL),
(4, 'egor', 'egor', NULL),
(6, 'Petrov', 'Petrov', NULL);

-- --------------------------------------------------------

--
-- Структура таблицы `credit`
--

CREATE TABLE `credit` (
  `id_credit` int(11) NOT NULL,
  `id_valyta` int(11) NOT NULL,
  `name_credit` varchar(30) NOT NULL,
  `srok_credit` varchar(30) NOT NULL,
  `procent_credit` int(11) NOT NULL,
  `min_summa` int(11) NOT NULL,
  `max_summa` int(11) NOT NULL,
  `information_credit` varchar(300) NOT NULL,
  `image` varchar(300) NOT NULL
) ENGINE=InnoDB DEFAULT CHARSET=utf8;

--
-- Дамп данных таблицы `credit`
--

INSERT INTO `credit` (`id_credit`, `id_valyta`, `name_credit`, `srok_credit`, `procent_credit`, `min_summa`, `max_summa`, `information_credit`, `image`) VALUES
(1, 1, 'Срочный', '360', 13, 200, 10000, 'Кредит с малым сроком на срочные нужды.', 'D:\\интернет-банкинг\\images\\кредиты\\1.png'),
(2, 1, 'Народный', '1080', 10, 4000, 40000, 'Долгосрочный кредит с низкой процентной ставкой.', 'D:\\интернет-банкинг\\images\\кредиты\\2.png'),
(3, 2, 'Срочный в RUB', '360', 13, 5000, 150000, 'Кредит с малым сроком на срочные нужды.', 'D:\\интернет-банкинг\\images\\кредиты\\3.png'),
(4, 2, 'Народный в RUB', '1080', 10, 50000, 1000000, 'Долгосрочный кредит с низкой процентной ставкой.', 'D:\\интернет-банкинг\\images\\кредиты\\4.png'),
(5, 3, 'Срочный в EUR', '360', 15, 100, 5000, 'Кредит с малым сроком на срочные нужды.', 'D:\\интернет-банкинг\\images\\кредиты\\5.png'),
(6, 3, 'Долгосрочный в EUR', '1800', 12, 10000, 100000, 'Долгосрочный кредит для дорогих покупок.', 'D:\\интернет-банкинг\\images\\кредиты\\6.png'),
(7, 4, 'Срочный в USD', '360', 15, 100, 5000, 'Кредит с малым сроком на срочные нужды.', 'D:\\интернет-банкинг\\images\\кредиты\\7.png'),
(8, 4, 'Долгосрочный в USD', '1800', 12, 15000, 100000, 'Долгосрочный кредит для дорогих покупок.', 'D:\\интернет-банкинг\\images\\кредиты\\8.png');

-- --------------------------------------------------------

--
-- Структура таблицы `credit_dopolnitelnaya`
--

CREATE TABLE `credit_dopolnitelnaya` (
  `id_credit_dopolnitelnaya` int(11) NOT NULL,
  `id_client` int(11) NOT NULL,
  `id_credit` int(11) NOT NULL,
  `data_vidachi` date DEFAULT NULL,
  `data_raschet` date DEFAULT NULL,
  `data_okonchianiya` date DEFAULT NULL,
  `summa` double NOT NULL,
  `summa_month` double NOT NULL,
  `summa_procent` double NOT NULL,
  `vystavleno` double NOT NULL
) ENGINE=InnoDB DEFAULT CHARSET=utf8;

--
-- Дамп данных таблицы `credit_dopolnitelnaya`
--

INSERT INTO `credit_dopolnitelnaya` (`id_credit_dopolnitelnaya`, `id_client`, `id_credit`, `data_vidachi`, `data_raschet`, `data_okonchianiya`, `summa`, `summa_month`, `summa_procent`, `vystavleno`) VALUES
(5, 3, 8, '2019-01-08', '2019-07-07', '2023-12-13', 14750, 250, 147.945205479452, 1989.72602739726),
(10, 3, 4, '2019-01-22', '2019-07-21', '2022-01-06', 100000, 2777.77777777778, 821.917808219178, 21598.1735159819),
(11, 3, 7, '2019-01-22', '2019-07-21', '2020-01-17', 300, 25, 3.6986301369863, 172.191780821917),
(12, 3, 6, '2019-01-22', '2019-07-21', '2023-12-27', 12105.8166666667, 205.183333333333, 121.423561643836, 1633.03447488585),
(13, 3, 5, '2019-01-22', '2019-07-21', '2020-01-17', 100, 8.33333333333333, 1.23287671232877, 57.3972602739726),
(14, 6, 6, '2019-05-17', '2019-07-16', '2024-04-20', 10000, 166.666666666667, 98.6301369863014, 530.593607305936);

-- --------------------------------------------------------

--
-- Структура таблицы `deposit`
--

CREATE TABLE `deposit` (
  `id_deposit` int(11) NOT NULL,
  `id_valyta` int(11) NOT NULL,
  `name_deposit` varchar(300) NOT NULL,
  `srok_deposit` varchar(30) NOT NULL,
  `procent_deposit` int(11) NOT NULL,
  `min_vznos` int(11) NOT NULL,
  `max_vznos` int(11) NOT NULL,
  `dosrochnoe_snyatie` varchar(11) DEFAULT NULL,
  `dopolnitelnyi_vznos` varchar(11) DEFAULT NULL,
  `information_deposit` varchar(500) NOT NULL,
  `image` varchar(128) NOT NULL,
  `ejemesyachnoe_snyatie` varchar(11) DEFAULT NULL
) ENGINE=InnoDB DEFAULT CHARSET=utf8;

--
-- Дамп данных таблицы `deposit`
--

INSERT INTO `deposit` (`id_deposit`, `id_valyta`, `name_deposit`, `srok_deposit`, `procent_deposit`, `min_vznos`, `max_vznos`, `dosrochnoe_snyatie`, `dopolnitelnyi_vznos`, `information_deposit`, `image`, `ejemesyachnoe_snyatie`) VALUES
(1, 1, '\"Умножай свой доход\"', '30 ', 10, 50, 100000, NULL, NULL, 'Без возможности досрочного снятия и дополнительного взноса.', 'D:\\интернет-банкинг\\images\\депозиты\\1.png', NULL),
(2, 1, '\"Сберегай1\"', '150', 11, 150, 10000, 'YES', 'YES', 'С возможностью досрочного снятия и дополнительного взноса. При досрочном снятии процентная ставка обнуляется!', 'D:\\интернет-банкинг\\images\\депозиты\\2.png', NULL),
(3, 1, '\"Сберегай2\"', '180 ', 12, 100, 10000, 'YES', NULL, 'С возможностью досрочного снятия. При досрочном снятии процентная ставка обнуляется!', 'D:\\интернет-банкинг\\images\\депозиты\\3.png', NULL),
(4, 1, '\"Ежемесячное пополнение\"', '360', 7, 100, 10000, NULL, NULL, 'С возможностью ежемесячного снятия (возможность снимать накопленную сумму каждые 30 дней). ', 'D:\\интернет-банкинг\\images\\депозиты\\4.png', 'YES'),
(5, 2, '\"Умножай свой доход\" в иностранной валюте', '30 ', 7, 1000, 500000, NULL, NULL, 'Без возможности досрочного снятия и дополнительного взноса.', 'D:\\интернет-банкинг\\images\\депозиты\\5.png', NULL),
(6, 2, '\"Сберегай1\" в иностранной валюте', '150', 9, 5000, 1000000, 'YES', 'YES', 'С возможностью досрочного снятия и дополнительного взноса. При досрочном снятии процентная ставка обнуляется!', 'D:\\интернет-банкинг\\images\\депозиты\\6.png', NULL),
(7, 2, '\"Сберегай2\" в иностранной валюте', '180 ', 10, 5000, 1000000, 'YES', NULL, 'С возможностью досрочного снятия. При досрочном снятии процентная ставка обнуляется!', 'D:\\интернет-банкинг\\images\\депозиты\\7.png', NULL),
(8, 2, '\"Ежемесячное пополнение\" в иностранной валюте', '360', 6, 1000, 500000, NULL, NULL, 'С возможностью ежемесячного снятия (возможность снимать накопленную сумму каждые 30 дней). ', 'D:\\интернет-банкинг\\images\\депозиты\\8.png', 'YES'),
(9, 3, '\"Иностранец1\" в EUR', '60', 3, 10, 10000, NULL, NULL, 'Без возможности досрочного снятия и дополнительного взноса.', 'D:\\интернет-банкинг\\images\\депозиты\\9.png', NULL),
(10, 3, '\"Иностранец2\" в EUR', '360', 6, 150, 15000, 'YES', 'YES', 'С возможностью досрочного снятия и дополнительного взноса. При досрочном снятии процентная ставка обнуляется!', 'D:\\интернет-банкинг\\images\\депозиты\\10.png', NULL),
(11, 4, '\"Иностранец1\" в USD', '60', 3, 10, 10000, NULL, NULL, 'Без возможности досрочного снятия и дополнительного взноса.', 'D:\\интернет-банкинг\\images\\депозиты\\11.png', NULL),
(12, 4, '\"Иностранец2\" в USD', '360', 6, 170, 17000, 'YES', 'YES', 'С возможностью досрочного снятия и дополнительного взноса. При досрочном снятии процентная ставка обнуляется!', 'D:\\интернет-банкинг\\images\\депозиты\\12.png', NULL);

-- --------------------------------------------------------

--
-- Структура таблицы `deposit_dopolnitelnaya`
--

CREATE TABLE `deposit_dopolnitelnaya` (
  `id_deposit_dopolnitelnaya` int(11) NOT NULL,
  `id_client` int(11) NOT NULL,
  `id_deposit` int(11) NOT NULL,
  `data_vidachi` date NOT NULL,
  `data_okonchianiya` date NOT NULL,
  `snytie` date DEFAULT NULL,
  `summa` double NOT NULL,
  `data_raschet` date DEFAULT NULL,
  `nakopleniya` double NOT NULL,
  `close` varchar(10) DEFAULT NULL
) ENGINE=InnoDB DEFAULT CHARSET=utf8;

--
-- Дамп данных таблицы `deposit_dopolnitelnaya`
--

INSERT INTO `deposit_dopolnitelnaya` (`id_deposit_dopolnitelnaya`, `id_client`, `id_deposit`, `data_vidachi`, `data_okonchianiya`, `snytie`, `summa`, `data_raschet`, `nakopleniya`, `close`) VALUES
(3, 3, 4, '2018-12-08', '2020-01-03', '2019-07-06', 1000, '2019-06-06', 11.5068493150685, NULL),
(4, 1, 4, '2019-01-09', '2020-01-04', '2019-02-08', 100, NULL, 0, NULL),
(17, 3, 9, '2019-01-19', '2019-03-20', NULL, 1000, '2019-03-20', 2.46575342465753, 'YES'),
(18, 3, 1, '2019-01-21', '2019-02-20', NULL, 1000, '2019-02-20', 8.21917808219178, 'YES'),
(21, 3, 3, '2019-01-22', '2019-07-21', NULL, 1000, '2019-06-21', 29.589041095890423, NULL),
(22, 3, 10, '2019-01-22', '2020-01-17', NULL, 2692, '2019-06-21', 39.8268493150686, NULL),
(24, 6, 2, '2019-05-17', '2019-10-14', NULL, 600, '2019-06-16', 5.42465753424658, NULL);

-- --------------------------------------------------------

--
-- Структура таблицы `history`
--

CREATE TABLE `history` (
  `id_history` int(11) NOT NULL,
  `id_client` int(11) NOT NULL,
  `id_plateg` int(11) DEFAULT NULL,
  `id_card` int(11) NOT NULL,
  `datetime` datetime NOT NULL,
  `summa` double NOT NULL,
  `information_history` varchar(150) DEFAULT NULL,
  `id_valyta` int(11) NOT NULL
) ENGINE=InnoDB DEFAULT CHARSET=utf8;

--
-- Дамп данных таблицы `history`
--

INSERT INTO `history` (`id_history`, `id_client`, `id_plateg`, `id_card`, `datetime`, `summa`, `information_history`, `id_valyta`) VALUES
(32, 3, 282, 5, '2019-01-17 16:00:00', 1, NULL, 1),
(33, 3, 282, 5, '2019-01-17 23:13:00', 5, 'Оплата Номер телефона 441111111', 1),
(34, 3, NULL, 5, '2019-01-18 19:09:50', 65, 'Перевод на карту 0000 0000 0000 0000', 1),
(35, 3, NULL, 5, '2019-01-18 19:12:23', 3.2408, 'Перевод на карту 0000 0000 0000 0000', 2),
(36, 3, NULL, 3, '2019-01-18 19:16:49', 87.8424657534247, 'Перевод на карту 1234 1234 1234 1234', 3),
(37, 3, NULL, 5, '2019-01-18 20:36:46', 10000, 'Перевод на карту 0000 0000 0000 0000', 1),
(38, 3, 1, 3, '2019-01-18 21:16:51', 5, 'Оплата Дополнительное занятие 1', 1),
(39, 3, NULL, 5, '2019-01-18 21:53:02', 100, 'Перевод на карту 0000 0000 0000 0000', 1),
(40, 3, NULL, 5, '2019-01-18 21:57:03', 50, 'Перевод на карту 0000 0000 0000 0000', 1),
(42, 3, NULL, 5, '2019-01-18 22:01:14', 100, 'Перевод на карту 0000 0000 0000 0000', 2),
(43, 3, NULL, 3, '2019-01-19 15:43:29', 1000, 'Открытие депозита \"Иностранец1\" в EUR', 3),
(44, 3, NULL, 3, '2019-01-19 16:11:16', 188.308313909636, 'Закрытие кредита Народный в RUB', 3),
(45, 3, NULL, 5, '2019-01-19 16:57:50', 143.98, 'Оплата кредита Народный', 1),
(46, 3, NULL, 5, '2019-01-21 12:20:06', 1000, 'Открытие депозита \"Умножай свой доход\"', 1),
(47, 3, NULL, 3, '2019-01-21 12:21:24', 5000, 'Открытие депозита \"Сберегай1\"', 3),
(49, 3, 1, 5, '2019-01-22 17:22:32', 2, 'Оплата Дополнительное занятие 1', 1),
(50, 3, 282, 5, '2019-01-22 17:24:16', 2, 'Оплата По № телефона 441111111', 1),
(51, 3, 282, 5, '2019-01-22 17:26:45', 1, 'Оплата По № телефона 441111111', 1),
(52, 3, 1, 5, '2019-01-22 17:30:43', 2, 'Оплата Дополнительное занятие 1', 1),
(53, 3, 1, 5, '2019-01-22 17:32:18', 2, 'Оплата Дополнительное занятие 1', 1),
(54, 3, 1, 5, '2019-01-22 17:33:23', 2, 'Оплата Дополнительное занятие 1', 1),
(55, 3, 1, 5, '2019-01-22 17:34:39', 2, 'Оплата Дополнительное занятие 1', 1),
(56, 3, 1, 5, '2019-01-22 17:35:48', 2, 'Оплата Дополнительное занятие 1', 1),
(57, 3, 1, 5, '2019-01-22 17:37:01', 2, 'Оплата Дополнительное занятие 1', 1),
(58, 3, 1, 5, '2019-01-22 17:38:28', 1, 'Оплата Дополнительное занятие 1', 1),
(59, 3, 1, 5, '2019-01-22 17:39:28', 1, 'Оплата Дополнительное занятие 1', 1),
(60, 3, 1, 5, '2019-01-22 17:41:03', 0.5, 'Оплата Дополнительное занятие 1', 1),
(61, 3, 1, 5, '2019-01-22 17:42:29', 0.5, 'Оплата Дополнительное занятие 1', 1),
(62, 3, 1, 5, '2019-01-22 17:44:34', 1, 'Оплата Дополнительное занятие 1', 1),
(63, 3, 1, 5, '2019-01-22 17:47:11', 1, 'Оплата Дополнительное занятие 1', 1),
(64, 3, 1, 5, '2019-01-22 17:49:44', 1, 'Оплата Дополнительное занятие 1', 1),
(65, 3, 1, 5, '2019-01-22 17:52:46', 1, 'Оплата Дополнительное занятие 1', 1),
(66, 3, 1, 5, '2019-01-22 17:54:22', 1, 'Оплата Дополнительное занятие 1', 1),
(67, 3, 1, 5, '2019-01-22 17:55:45', 1, 'Оплата Дополнительное занятие 1', 1),
(68, 3, NULL, 3, '2019-01-22 18:50:30', 10000, 'Открытие депозита \"Сберегай1\" в иностранной валюте', 3),
(69, 3, NULL, 5, '2019-01-22 19:27:22', 1000, 'Открытие депозита \"Сберегай2\"', 1),
(70, 3, NULL, 3, '2019-01-22 19:30:39', 1589.3089214925, 'Закрытие кредита Народный', 3),
(71, 3, NULL, 3, '2019-01-22 19:46:06', 1000, 'Открытие депозита \"Иностранец2\" в EUR', 3),
(73, 3, NULL, 3, '2019-01-22 20:07:15', 592, 'Пополнение депозита \"Иностранец2\" в EUR', 3),
(74, 3, NULL, 3, '2019-01-22 20:22:05', 1000, 'Пополнение депозита \"Иностранец2\" в EUR', 3),
(75, 3, NULL, 10, '2019-01-22 20:26:22', 940.18, 'Оплата кредита Срочный в RUB', 2),
(76, 3, NULL, 10, '2019-01-22 20:30:15', 24664.5949199099, 'Оплата кредита Долгосрочный в EUR', 2),
(77, 3, NULL, 5, '2019-01-22 20:32:00', 297.00895066, 'Закрытие кредита Срочный в RUB', 1),
(78, 3, 282, 5, '2019-02-03 18:20:18', 24, 'Оплата По № телефона 441111111', 1),
(79, 3, 282, 5, '2019-02-03 18:22:06', 24, 'Оплата По № телефона 441111111', 1),
(80, 3, 282, 5, '2019-03-29 14:07:29', 10, 'Оплата По № телефона 441111111', 1),
(82, 6, 282, 4, '2019-05-17 13:49:18', 10, 'Оплата По № телефона 441111111', 1),
(83, 6, NULL, 4, '2019-05-17 13:55:49', 10, 'Перевод на карту 1234 1234 1234 1234', 1),
(84, 6, NULL, 4, '2019-05-17 14:14:46', 600, 'Открытие депозита \"Сберегай1\"', 1);

-- --------------------------------------------------------

--
-- Структура таблицы `naznachenie`
--

CREATE TABLE `naznachenie` (
  `id_naznachenie` int(11) NOT NULL,
  `naznachenie` varchar(300) NOT NULL
) ENGINE=InnoDB DEFAULT CHARSET=utf8;

--
-- Дамп данных таблицы `naznachenie`
--

INSERT INTO `naznachenie` (`id_naznachenie`, `naznachenie`) VALUES
(1, 'Дополнительное занятие'),
(2, 'Сдача экзамена'),
(3, 'Топливо'),
(4, 'Автомобиль для экзамена'),
(5, 'Обучение'),
(6, 'Общежитие'),
(7, 'Питание'),
(8, 'Учебники'),
(9, 'Кружки'),
(10, 'Byfly,ZALA,Максифон,Умный дом'),
(11, 'Телефон'),
(12, 'velcom - voka'),
(13, 'velcom - Домашний интернет и ТВ'),
(14, 'Интернет'),
(15, 'Абонентская плата'),
(16, 'Пополнение счета'),
(17, 'Водоснабжение'),
(18, 'Газоснабжение'),
(19, 'Коммунальные платежи'),
(20, 'Электроэнергия'),
(21, 'Компьютерные услуги'),
(22, 'Практический экзамен на авто'),
(23, 'Практический экзамен на мото'),
(24, 'Теоретический экзамен'),
(25, 'Замена номера автомобиля'),
(26, 'Выдача транзита'),
(27, 'Замена номера мото/прицепа'),
(28, 'Изготовление номеров'),
(29, 'Регистрация автомобиля'),
(30, 'Регистрация мотоцикла/прицепа'),
(31, 'По № телефона'),
(32, 'Единый Таможенный тариф ЕАЭС'),
(33, 'Госпошлина '),
(34, 'Разрешение');

-- --------------------------------------------------------

--
-- Структура таблицы `oblast`
--

CREATE TABLE `oblast` (
  `id_oblast` int(11) NOT NULL,
  `oblast` varchar(30) NOT NULL
) ENGINE=InnoDB DEFAULT CHARSET=utf8;

--
-- Дамп данных таблицы `oblast`
--

INSERT INTO `oblast` (`id_oblast`, `oblast`) VALUES
(1, 'Брест'),
(7, 'Брестская область'),
(2, 'Витебск'),
(8, 'Витебская область'),
(3, 'Гомель'),
(9, 'Гомельская область'),
(10, 'Гродненская область'),
(4, 'Гродно'),
(5, 'Минск'),
(11, 'Минская область'),
(6, 'Могилев'),
(12, 'Могилевская область');

-- --------------------------------------------------------

--
-- Структура таблицы `plategi`
--

CREATE TABLE `plategi` (
  `id_plateg` int(11) NOT NULL,
  `id_category` int(11) NOT NULL,
  `id_podcategory` int(11) DEFAULT NULL,
  `id_oblast` int(11) DEFAULT NULL,
  `id_podpodcategory` int(11) DEFAULT NULL,
  `id_naznachenie` int(11) DEFAULT NULL,
  `kod_uslygi` int(11) NOT NULL,
  `information_plateg` varchar(150) NOT NULL
) ENGINE=InnoDB DEFAULT CHARSET=utf8;

--
-- Дамп данных таблицы `plategi`
--

INSERT INTO `plategi` (`id_plateg`, `id_category`, `id_podcategory`, `id_oblast`, `id_podpodcategory`, `id_naznachenie`, `kod_uslygi`, `information_plateg`) VALUES
(1, 8, 9, 1, 2, 1, 12345, ''),
(2, 8, 9, 2, 3, 1, 12346, ''),
(3, 8, 9, 3, 4, 1, 12347, ''),
(4, 8, 9, 4, 5, 1, 0, ''),
(5, 8, 9, 5, 1, 1, 0, ''),
(6, 8, 9, 6, 6, 1, 0, ''),
(7, 8, 9, 7, 8, 1, 0, ''),
(8, 8, 9, 8, 9, 1, 0, ''),
(9, 8, 9, 9, 10, 1, 0, ''),
(10, 8, 9, 10, 11, 1, 0, ''),
(11, 8, 9, 11, 7, 1, 0, ''),
(12, 8, 9, 12, 12, 1, 0, ''),
(13, 8, 9, 1, 2, 2, 0, ''),
(14, 8, 9, 2, 3, 2, 0, ''),
(15, 8, 9, 3, 4, 2, 0, ''),
(16, 8, 9, 4, 5, 2, 0, ''),
(17, 8, 9, 5, 1, 2, 0, ''),
(18, 8, 9, 6, 6, 2, 0, ''),
(19, 8, 9, 7, 8, 2, 0, ''),
(20, 8, 9, 8, 9, 2, 0, ''),
(21, 8, 9, 9, 10, 2, 0, ''),
(22, 8, 9, 10, 11, 2, 0, ''),
(23, 8, 9, 11, 7, 2, 0, ''),
(24, 8, 9, 12, 12, 2, 0, ''),
(25, 8, 9, 1, 2, 3, 0, ''),
(26, 8, 9, 2, 3, 3, 0, ''),
(27, 8, 9, 3, 4, 3, 0, ''),
(28, 8, 9, 4, 5, 3, 0, ''),
(29, 8, 9, 5, 1, 3, 0, ''),
(30, 8, 9, 6, 6, 3, 0, ''),
(31, 8, 9, 7, 8, 3, 0, ''),
(32, 8, 9, 8, 9, 3, 0, ''),
(33, 8, 9, 9, 10, 3, 0, ''),
(34, 8, 9, 10, 11, 3, 0, ''),
(35, 8, 9, 11, 7, 3, 0, ''),
(36, 8, 9, 12, 12, 3, 0, ''),
(37, 8, 9, 1, 2, 4, 0, ''),
(38, 8, 9, 2, 3, 4, 0, ''),
(39, 8, 9, 3, 4, 4, 0, ''),
(40, 8, 9, 4, 5, 4, 0, ''),
(41, 8, 9, 5, 1, 4, 0, ''),
(42, 8, 9, 6, 6, 4, 0, ''),
(43, 8, 9, 7, 8, 4, 0, ''),
(44, 8, 9, 8, 9, 4, 0, ''),
(45, 8, 9, 9, 10, 4, 0, ''),
(46, 8, 9, 10, 11, 4, 0, ''),
(47, 8, 9, 11, 7, 4, 0, ''),
(48, 8, 9, 12, 12, 4, 0, ''),
(49, 8, 10, 1, 19, 5, 0, ''),
(50, 8, 10, 1, 31, 5, 0, ''),
(51, 8, 10, 2, 21, 5, 0, ''),
(52, 8, 10, 2, 22, 5, 0, ''),
(53, 8, 10, 2, 13, 5, 0, ''),
(54, 8, 10, 3, 23, 5, 0, ''),
(55, 8, 10, 3, 24, 5, 0, ''),
(56, 8, 10, 3, 25, 5, 0, ''),
(57, 8, 10, 4, 26, 5, 0, ''),
(58, 8, 10, 4, 27, 5, 0, ''),
(59, 8, 10, 5, 14, 5, 0, ''),
(60, 8, 10, 5, 15, 5, 0, ''),
(61, 8, 10, 5, 16, 5, 0, ''),
(62, 8, 10, 5, 17, 5, 0, ''),
(63, 8, 10, 5, 18, 5, 0, ''),
(64, 8, 10, 6, 28, 5, 0, ''),
(65, 8, 10, 6, 29, 5, 0, ''),
(66, 8, 10, 6, 30, 5, 0, ''),
(67, 8, 10, 4, 20, 5, 0, ''),
(68, 8, 10, 4, 20, 6, 0, ''),
(69, 8, 10, 1, 19, 6, 0, ''),
(70, 8, 10, 1, 31, 6, 0, ''),
(71, 8, 10, 2, 21, 6, 0, ''),
(72, 8, 10, 2, 22, 6, 0, ''),
(73, 8, 10, 2, 13, 6, 0, ''),
(74, 8, 10, 3, 23, 6, 0, ''),
(75, 8, 10, 3, 24, 6, 0, ''),
(76, 8, 10, 3, 25, 6, 0, ''),
(77, 8, 10, 4, 26, 6, 0, ''),
(78, 8, 10, 4, 27, 6, 0, ''),
(79, 8, 10, 5, 14, 6, 0, ''),
(80, 8, 10, 5, 15, 6, 0, ''),
(81, 8, 10, 5, 16, 6, 0, ''),
(82, 8, 10, 5, 17, 6, 0, ''),
(83, 8, 10, 5, 18, 6, 0, ''),
(84, 8, 10, 6, 28, 6, 0, ''),
(85, 8, 10, 6, 29, 6, 0, ''),
(86, 8, 10, 6, 30, 6, 0, ''),
(87, 8, 11, 1, 70, 7, 0, ''),
(88, 8, 11, 2, 70, 7, 0, ''),
(89, 8, 11, 3, 70, 7, 0, ''),
(90, 8, 11, 4, 70, 7, 0, ''),
(91, 8, 11, 5, 70, 7, 0, ''),
(92, 8, 11, 6, 70, 7, 0, ''),
(93, 8, 11, 7, 70, 7, 0, ''),
(94, 8, 11, 8, 70, 7, 0, ''),
(95, 8, 11, 9, 70, 7, 0, ''),
(96, 8, 11, 10, 70, 7, 0, ''),
(97, 8, 11, 11, 70, 7, 0, ''),
(98, 8, 11, 12, 70, 7, 0, ''),
(99, 8, 12, 1, 72, 7, 0, ''),
(100, 8, 12, 2, 72, 7, 0, ''),
(101, 8, 12, 3, 72, 7, 0, ''),
(102, 8, 12, 4, 72, 7, 0, ''),
(103, 8, 12, 5, 72, 7, 0, ''),
(104, 8, 12, 6, 72, 7, 0, ''),
(105, 8, 12, 7, 72, 7, 0, ''),
(106, 8, 12, 8, 72, 7, 0, ''),
(107, 8, 12, 9, 72, 7, 0, ''),
(108, 8, 12, 10, 72, 7, 0, ''),
(109, 8, 12, 11, 72, 7, 0, ''),
(110, 8, 12, 12, 72, 7, 0, ''),
(111, 8, 11, 1, 71, 8, 0, ''),
(112, 8, 11, 2, 71, 8, 0, ''),
(113, 8, 11, 3, 71, 8, 0, ''),
(114, 8, 11, 4, 71, 8, 0, ''),
(115, 8, 11, 5, 71, 8, 0, ''),
(116, 8, 11, 6, 71, 8, 0, ''),
(117, 8, 11, 7, 71, 8, 0, ''),
(118, 8, 11, 8, 71, 8, 0, ''),
(119, 8, 11, 9, 71, 8, 0, ''),
(120, 8, 11, 10, 71, 8, 0, ''),
(121, 8, 11, 11, 71, 8, 0, ''),
(122, 8, 11, 12, 71, 8, 0, ''),
(123, 8, 11, 1, 71, 9, 0, ''),
(124, 8, 11, 2, 71, 9, 0, ''),
(125, 8, 11, 3, 71, 9, 0, ''),
(126, 8, 11, 4, 71, 9, 0, ''),
(127, 8, 11, 5, 71, 9, 0, ''),
(128, 8, 11, 6, 71, 9, 0, ''),
(129, 8, 11, 7, 71, 9, 0, ''),
(130, 8, 11, 8, 71, 9, 0, ''),
(131, 8, 11, 9, 71, 9, 0, ''),
(132, 8, 11, 10, 71, 9, 0, ''),
(133, 8, 11, 11, 71, 9, 0, ''),
(134, 8, 11, 12, 71, 9, 0, ''),
(135, 8, 13, 1, 32, 5, 0, ''),
(136, 8, 13, 1, 33, 5, 0, ''),
(137, 8, 13, 1, 34, 5, 0, ''),
(138, 8, 13, 1, 35, 5, 0, ''),
(139, 8, 13, 1, 36, 5, 0, ''),
(140, 8, 13, 2, 37, 5, 0, ''),
(141, 8, 13, 2, 38, 5, 0, ''),
(142, 8, 13, 2, 39, 5, 0, ''),
(143, 8, 13, 2, 40, 5, 0, ''),
(144, 8, 13, 2, 41, 5, 0, ''),
(145, 8, 13, 2, 42, 5, 0, ''),
(146, 8, 13, 3, 43, 5, 0, ''),
(147, 8, 13, 3, 44, 5, 0, ''),
(148, 8, 13, 3, 45, 5, 0, ''),
(149, 8, 13, 3, 46, 5, 0, ''),
(150, 8, 13, 3, 47, 5, 0, ''),
(151, 8, 13, 3, 48, 5, 0, ''),
(152, 8, 13, 4, 49, 5, 0, ''),
(153, 8, 13, 4, 50, 5, 0, ''),
(154, 8, 13, 4, 51, 5, 0, ''),
(155, 8, 13, 4, 52, 5, 0, ''),
(156, 8, 13, 4, 53, 5, 0, ''),
(157, 8, 13, 5, 54, 5, 0, ''),
(158, 8, 13, 5, 55, 5, 0, ''),
(159, 8, 13, 5, 56, 5, 0, ''),
(160, 8, 13, 5, 57, 5, 0, ''),
(161, 8, 13, 5, 58, 5, 0, ''),
(162, 8, 13, 5, 59, 5, 0, ''),
(163, 8, 13, 5, 60, 5, 0, ''),
(164, 8, 13, 5, 61, 5, 0, ''),
(165, 8, 13, 6, 62, 5, 0, ''),
(166, 8, 13, 6, 63, 5, 0, ''),
(167, 8, 13, 6, 64, 5, 0, ''),
(168, 8, 13, 6, 65, 5, 0, ''),
(169, 8, 13, 6, 66, 5, 0, ''),
(170, 8, 13, 6, 67, 5, 0, ''),
(171, 8, 13, 6, 68, 5, 0, ''),
(172, 8, 13, 6, 69, 5, 0, ''),
(173, 8, 13, 1, 32, 6, 0, ''),
(174, 8, 13, 1, 33, 6, 0, ''),
(175, 8, 13, 1, 34, 6, 0, ''),
(176, 8, 13, 1, 35, 6, 0, ''),
(177, 8, 13, 1, 36, 6, 0, ''),
(178, 8, 13, 2, 37, 6, 0, ''),
(179, 8, 13, 2, 38, 6, 0, ''),
(180, 8, 13, 2, 39, 6, 0, ''),
(181, 8, 13, 2, 40, 6, 0, ''),
(182, 8, 13, 2, 41, 6, 0, ''),
(183, 8, 13, 2, 42, 6, 0, ''),
(184, 8, 13, 3, 43, 6, 0, ''),
(185, 8, 13, 3, 44, 6, 0, ''),
(186, 8, 13, 3, 45, 6, 0, ''),
(187, 8, 13, 3, 46, 6, 0, ''),
(188, 8, 13, 3, 47, 6, 0, ''),
(189, 8, 13, 3, 48, 6, 0, ''),
(190, 8, 13, 4, 49, 6, 0, ''),
(191, 8, 13, 4, 50, 6, 0, ''),
(192, 8, 13, 4, 51, 6, 0, ''),
(193, 8, 13, 4, 52, 6, 0, ''),
(194, 8, 13, 4, 53, 6, 0, ''),
(195, 8, 13, 5, 54, 6, 0, ''),
(196, 8, 13, 5, 55, 6, 0, ''),
(197, 8, 13, 5, 56, 6, 0, ''),
(198, 8, 13, 5, 57, 6, 0, ''),
(199, 8, 13, 5, 58, 6, 0, ''),
(200, 8, 13, 5, 59, 6, 0, ''),
(201, 8, 13, 5, 60, 6, 0, ''),
(202, 8, 13, 5, 61, 6, 0, ''),
(203, 8, 13, 6, 62, 6, 0, ''),
(204, 8, 13, 6, 63, 6, 0, ''),
(205, 8, 13, 6, 64, 6, 0, ''),
(206, 8, 13, 6, 65, 6, 0, ''),
(207, 8, 13, 6, 66, 6, 0, ''),
(208, 8, 13, 6, 67, 6, 0, ''),
(209, 8, 13, 6, 68, 6, 0, ''),
(210, 8, 13, 6, 69, 6, 0, ''),
(211, 2, 14, NULL, NULL, 12, 0, ''),
(212, 2, 14, NULL, NULL, 13, 0, ''),
(213, 2, 15, NULL, NULL, 14, 0, ''),
(214, 2, 16, NULL, NULL, 10, 0, ''),
(215, 2, 16, NULL, NULL, 11, 0, ''),
(216, 2, 17, NULL, NULL, 15, 0, ''),
(217, 3, 18, NULL, 73, 16, 0, ''),
(218, 3, 18, NULL, 74, 16, 0, ''),
(219, 3, 18, NULL, 75, 16, 0, ''),
(220, 5, 19, 1, 100, 21, 0, ''),
(221, 5, 19, 2, 100, 21, 0, ''),
(222, 5, 19, 3, 100, 21, 0, ''),
(223, 5, 19, 4, 100, 21, 0, ''),
(224, 5, 19, 5, 100, 21, 0, ''),
(225, 5, 19, 6, 100, 21, 0, ''),
(226, 5, 19, 1, 100, 22, 0, ''),
(227, 5, 19, 2, 100, 22, 0, ''),
(228, 5, 19, 3, 100, 22, 0, ''),
(229, 5, 19, 4, 100, 22, 0, ''),
(230, 5, 19, 5, 100, 22, 0, ''),
(231, 5, 19, 6, 100, 22, 0, ''),
(232, 5, 19, 1, 100, 23, 0, ''),
(233, 5, 19, 2, 100, 23, 0, ''),
(234, 5, 19, 3, 100, 23, 0, ''),
(235, 5, 19, 4, 100, 23, 0, ''),
(236, 5, 19, 5, 100, 23, 0, ''),
(237, 5, 19, 6, 100, 23, 0, ''),
(238, 5, 19, 1, 100, 24, 0, ''),
(239, 5, 19, 2, 100, 24, 0, ''),
(240, 5, 19, 3, 100, 24, 0, ''),
(241, 5, 19, 4, 100, 24, 0, ''),
(242, 5, 19, 5, 100, 24, 0, ''),
(243, 5, 19, 6, 100, 24, 0, ''),
(244, 5, 19, 1, 101, 25, 0, ''),
(245, 5, 19, 2, 101, 25, 0, ''),
(246, 5, 19, 3, 101, 25, 0, ''),
(247, 5, 19, 4, 101, 25, 0, ''),
(248, 5, 19, 5, 101, 25, 0, ''),
(249, 5, 19, 6, 101, 25, 0, ''),
(250, 5, 19, 1, 101, 26, 0, ''),
(251, 5, 19, 2, 101, 26, 0, ''),
(252, 5, 19, 3, 101, 26, 0, ''),
(253, 5, 19, 4, 101, 26, 0, ''),
(254, 5, 19, 5, 101, 26, 0, ''),
(255, 5, 19, 6, 101, 26, 0, ''),
(256, 5, 19, 1, 101, 27, 0, ''),
(257, 5, 19, 2, 101, 27, 0, ''),
(258, 5, 19, 3, 101, 27, 0, ''),
(259, 5, 19, 4, 101, 27, 0, ''),
(260, 5, 19, 5, 101, 27, 0, ''),
(261, 5, 19, 6, 101, 27, 0, ''),
(262, 5, 19, 1, 101, 28, 0, ''),
(263, 5, 19, 2, 101, 28, 0, ''),
(264, 5, 19, 3, 101, 28, 0, ''),
(265, 5, 19, 4, 101, 28, 0, ''),
(266, 5, 19, 5, 101, 28, 0, ''),
(267, 5, 19, 6, 101, 28, 0, ''),
(268, 5, 19, 1, 101, 29, 0, ''),
(269, 5, 19, 2, 101, 29, 0, ''),
(270, 5, 19, 3, 101, 29, 0, ''),
(271, 5, 19, 4, 101, 29, 0, ''),
(272, 5, 19, 5, 101, 29, 0, ''),
(273, 5, 19, 6, 101, 29, 0, ''),
(274, 5, 19, 1, 101, 30, 0, ''),
(275, 5, 19, 2, 101, 30, 0, ''),
(276, 5, 19, 3, 101, 30, 0, ''),
(277, 5, 19, 4, 101, 30, 0, ''),
(278, 5, 19, 5, 101, 30, 0, ''),
(279, 5, 19, 6, 101, 30, 0, ''),
(280, 6, 6, NULL, NULL, 31, 0, ''),
(281, 6, 8, NULL, NULL, 31, 0, ''),
(282, 6, 7, NULL, NULL, 31, 0, ''),
(283, 9, 20, NULL, NULL, 32, 0, ''),
(284, 9, 21, 1, NULL, 33, 0, ''),
(285, 9, 21, 2, NULL, 33, 0, ''),
(286, 9, 21, 3, NULL, 33, 0, ''),
(287, 9, 21, 4, NULL, 33, 0, ''),
(288, 9, 21, 5, NULL, 33, 0, ''),
(289, 9, 21, 6, NULL, 33, 0, ''),
(290, 9, 21, 1, NULL, 34, 0, ''),
(291, 9, 21, 2, NULL, 34, 0, ''),
(292, 9, 21, 3, NULL, 34, 0, ''),
(293, 9, 21, 4, NULL, 34, 0, ''),
(294, 9, 21, 5, NULL, 34, 0, ''),
(295, 9, 21, 6, NULL, 34, 0, ''),
(296, 4, 1, 1, 76, 17, 0, ''),
(297, 4, 1, 2, 77, 17, 0, ''),
(298, 4, 1, 3, 78, 17, 0, ''),
(299, 4, 1, 4, 79, 17, 0, ''),
(300, 4, 1, 5, 80, 17, 0, ''),
(301, 4, 1, 6, 81, 17, 0, ''),
(302, 4, 2, 1, 82, 18, 0, ''),
(303, 4, 2, 2, 83, 18, 0, ''),
(304, 4, 2, 3, 84, 18, 0, ''),
(305, 4, 2, 4, 85, 18, 0, ''),
(306, 4, 2, 5, 86, 18, 0, ''),
(307, 4, 2, 6, 87, 18, 0, ''),
(308, 4, 3, 1, 88, 19, 0, ''),
(309, 4, 3, 2, 89, 19, 0, ''),
(310, 4, 3, 3, 90, 19, 0, ''),
(311, 4, 3, 4, 91, 19, 0, ''),
(312, 4, 3, 5, 92, 19, 0, ''),
(313, 4, 3, 6, 93, 19, 0, ''),
(314, 4, 5, 1, 94, 20, 0, ''),
(315, 4, 5, 2, 95, 20, 0, ''),
(316, 4, 5, 3, 96, 20, 0, ''),
(317, 4, 5, 4, 97, 20, 0, ''),
(318, 4, 5, 5, 98, 20, 0, ''),
(319, 4, 5, 6, 99, 20, 0, '');

--
-- Триггеры `plategi`
--
DELIMITER $$
CREATE TRIGGER `insertinfo` AFTER INSERT ON `plategi` FOR EACH ROW BEGIN

END
$$
DELIMITER ;

-- --------------------------------------------------------

--
-- Структура таблицы `plategi_dopolnitelnaya`
--

CREATE TABLE `plategi_dopolnitelnaya` (
  `id_plateg_dopolnitelnaya` int(11) NOT NULL,
  `id_plateg` int(11) NOT NULL,
  `litsevoy_scet` int(11) DEFAULT NULL,
  `FIO` varchar(128) DEFAULT NULL,
  `adres` varchar(128) DEFAULT NULL,
  `vystavleno` double DEFAULT NULL
) ENGINE=InnoDB DEFAULT CHARSET=utf8;

--
-- Дамп данных таблицы `plategi_dopolnitelnaya`
--

INSERT INTO `plategi_dopolnitelnaya` (`id_plateg_dopolnitelnaya`, `id_plateg`, `litsevoy_scet`, `FIO`, `adres`, `vystavleno`) VALUES
(1, 1, 1, 'Харевич Вадим Олегович', NULL, 0),
(2, 280, 351111111, NULL, NULL, 10),
(3, 281, 291111111, NULL, NULL, 15),
(4, 282, 441111111, NULL, NULL, 0);

-- --------------------------------------------------------

--
-- Структура таблицы `podcategory`
--

CREATE TABLE `podcategory` (
  `id_podcategory` int(11) NOT NULL,
  `podcategory` varchar(100) DEFAULT NULL
) ENGINE=InnoDB DEFAULT CHARSET=utf8;

--
-- Дамп данных таблицы `podcategory`
--

INSERT INTO `podcategory` (`id_podcategory`, `podcategory`) VALUES
(1, 'Водоснабжение'),
(2, 'Газоснабжение '),
(3, ' Жилищно-коммунальные услуги'),
(5, 'Электро-, теплоснабжение '),
(6, 'life:)'),
(7, 'velcom'),
(8, 'MTC'),
(9, 'Автошколы'),
(10, 'Высшее образование '),
(11, 'Детские сады, школы '),
(12, 'Организации школьного питания '),
(13, 'Среднеспециальное образование, ПТО'),
(14, 'velcom-интернет'),
(15, 'МТС-Домашний интернет'),
(16, 'Белтелеком'),
(17, 'Космос ТВ'),
(18, 'Букмекерские конторы'),
(19, 'ГАИ'),
(20, 'Белтаможсервис'),
(21, 'Белтехосмотр');

-- --------------------------------------------------------

--
-- Структура таблицы `podpodcategory`
--

CREATE TABLE `podpodcategory` (
  `id_podpodcategory` int(11) NOT NULL,
  `podpodcategory` varchar(300) DEFAULT NULL
) ENGINE=InnoDB DEFAULT CHARSET=utf8;

--
-- Дамп данных таблицы `podpodcategory`
--

INSERT INTO `podpodcategory` (`id_podpodcategory`, `podpodcategory`) VALUES
(1, 'Минская РОС ДОСААФ'),
(2, 'Брестская РОС ДОСААФ'),
(3, 'Витебская РОС ДОСААФ'),
(4, 'Гомельская РОС ДОСААФ'),
(5, 'Гродненская РОС ДОСААФ'),
(6, 'Могилевская РОС ДОСААФ'),
(7, 'ДОСААФ Минской области'),
(8, 'ДОСААФ Брестской области'),
(9, 'ДОСААФ Витебской области'),
(10, 'ДОСААФ Гомельской области'),
(11, 'ДОСААФ Гродненской области'),
(12, 'ДОСААФ Могилевской области'),
(13, 'ВГУ им. П.М.Машерова'),
(14, 'БГУ'),
(15, 'БГУИР'),
(16, 'БНТУ'),
(17, 'БГПУ'),
(18, 'БГЭУ'),
(19, 'БрГУ'),
(20, 'ГрГУ им.Янки Купалы'),
(21, 'ВГМУ'),
(22, 'ВГТУ'),
(23, 'ГГТУ'),
(24, 'ГГУ'),
(25, 'БелГУТ'),
(26, 'ГГАУ'),
(27, 'ГрГМУ'),
(28, 'МГУП'),
(29, 'МГУ'),
(30, 'Могилевский институт МВД РБ'),
(31, 'БГУ филиал в г.Бресте'),
(32, 'Колледж приборостроения'),
(33, 'Колледж связи'),
(34, 'Колледж сферы обслуживания'),
(35, 'Колледж торговли'),
(36, 'Лицей строителей'),
(37, 'Витебский ГПТК лег.пром.'),
(38, 'Витебский ГПТК машиностроения'),
(39, 'Витебский ГПТК сельхоз. пр-ва'),
(40, 'Витебский медицинский колледж'),
(41, 'Витебский политех. проф. лицей'),
(42, 'Витебский технический колледж'),
(43, 'ГГКЖТ колледж БЖД'),
(44, 'ГГПМЛ многоопрофильный лицей'),
(45, 'ГГПТК бытового обслуживания'),
(46, 'ГГХК художественный колледж'),
(47, 'ГМК машиностроительный колледж'),
(48, 'ГПТКЭ колледж электротехники'),
(49, 'Колледж бытового обслуживания'),
(50, 'Колледж коммунального хоз-ва'),
(51, 'Колледж технологический'),
(52, 'Колледж технологический ГрГУ'),
(53, 'Колледж электротехнический'),
(54, 'МГК искусств'),
(55, 'МГМТПТК'),
(56, 'МГПЛ №9 автомобилестроения'),
(57, 'МГПТК торговли'),
(58, 'Минский гос. мед. колледж'),
(59, 'Филиал БГУИР МРК'),
(60, 'Филиал БНТУ МГМК'),
(61, 'Филиал БНТУ МГПК'),
(62, 'ГПАЛТК Орловского'),
(63, 'Колледж искусств'),
(64, 'Могилевский медицинский колледж'),
(65, 'Профессиональный лицей №1'),
(66, 'Профессиональный лицей №2'),
(67, 'Технологический колледж'),
(68, 'Электротехнический колледж'),
(69, 'Экономич. проф.-тех. колледж'),
(70, 'Детские сады'),
(71, 'Школы'),
(72, 'Комбинат школьного питания'),
(73, '1xbet.by'),
(74, 'Marathonbet.by'),
(75, 'Parimatch.by'),
(76, 'Брестводоканал'),
(77, 'Витебскводоканал'),
(78, 'Гомельводоканал'),
(79, 'Гродноводоканал'),
(80, 'Минскводоканал'),
(81, 'Горводоканал'),
(82, 'Брестгаз'),
(83, 'Витебскоблгаз'),
(84, 'Гомельоблгаз'),
(85, 'Гродногаз'),
(86, 'Мингаз'),
(87, 'Облгаз'),
(88, 'ЖРЭУ г.Бреста'),
(89, 'Витебский ОРСЦ г.Витебск'),
(90, 'РСЦ г.Гомеля'),
(91, 'ЕИРКЦ г.Гродно'),
(92, 'Центр ИТ Мингорисполкома'),
(93, 'ЦГИС'),
(94, 'Электросети'),
(95, 'Витебскэнерго'),
(96, 'Гомельэнерго'),
(97, 'Гродненский городской РЭС'),
(98, 'Минское МРО'),
(99, 'Могилевэнерго'),
(100, 'Водительское удостоверение'),
(101, 'Регистрация транспорта'),
(102, ''),
(103, ''),
(104, ''),
(105, ''),
(106, ''),
(107, ''),
(108, ''),
(109, ''),
(110, ''),
(111, ''),
(112, ''),
(113, ''),
(114, ''),
(115, ''),
(116, ''),
(117, ''),
(118, ''),
(119, ''),
(120, ''),
(121, ''),
(122, ''),
(123, ''),
(124, ''),
(125, ''),
(126, ''),
(127, ''),
(128, ''),
(129, ''),
(130, ''),
(131, ''),
(132, ''),
(133, ''),
(134, ''),
(135, ''),
(136, ''),
(137, ''),
(138, ''),
(139, ''),
(140, ''),
(141, ''),
(142, ''),
(143, ''),
(144, ''),
(145, ''),
(146, ''),
(147, ''),
(148, ''),
(149, ''),
(150, '');

-- --------------------------------------------------------

--
-- Структура таблицы `type`
--

CREATE TABLE `type` (
  `id_type` int(11) NOT NULL,
  `type` int(11) NOT NULL,
  `name` varchar(30) NOT NULL,
  `image` varchar(300) NOT NULL,
  `vid` varchar(30) NOT NULL,
  `sms` varchar(10) DEFAULT NULL
) ENGINE=InnoDB DEFAULT CHARSET=utf8;

--
-- Дамп данных таблицы `type`
--

INSERT INTO `type` (`id_type`, `type`, `name`, `image`, `vid`, `sms`) VALUES
(1, 1, 'Electron', 'D:\\интернет-банкинг\\images\\карты\\visaelectron.jpg', 'Классическая', NULL),
(2, 1, 'Classic', 'D:\\интернет-банкинг\\images\\карты\\visaclassic.png', 'Классическая', NULL),
(3, 1, 'Gold', 'D:\\интернет-банкинг\\images\\карты\\visagold.png', 'Премиальная', 'YES'),
(4, 1, 'Platinum', 'D:\\интернет-банкинг\\images\\карты\\visaplatinum.png', 'Премиальная', 'YES'),
(5, 1, 'Infinite', 'D:\\интернет-банкинг\\images\\карты\\visainfinite.png', 'Виртуальная', 'YES'),
(6, 1, 'Virtuon', 'D:\\интернет-банкинг\\images\\карты\\visavirtuon.jpg', 'Виртуальная', 'YES'),
(7, 2, 'Standard', 'D:\\интернет-банкинг\\images\\карты\\mkstandard.jpg', 'Классическая', NULL),
(8, 2, 'World', 'D:\\интернет-банкинг\\images\\карты\\mkworld.jpg', 'Классическая', 'YES'),
(9, 2, 'Gold', 'D:\\интернет-банкинг\\images\\карты\\mkgold.jpg', 'Премиальная', 'YES'),
(10, 2, 'World Black Edition', 'D:\\интернет-банкинг\\images\\карты\\mkworldblackedition.jpg', 'Премиальная', 'YES'),
(11, 2, 'World Elite', 'D:\\интернет-банкинг\\images\\карты\\mkworldelite.jpg', 'Премиальная', 'YES'),
(12, 2, 'Platinum', 'D:\\интернет-банкинг\\images\\карты\\mkplatinum.jpg', 'Премиальная', 'YES'),
(13, 3, 'Standard', 'D:\\интернет-банкинг\\images\\карты\\maestro.jpg', 'Классическая', 'YES');

-- --------------------------------------------------------

--
-- Структура таблицы `type_card`
--

CREATE TABLE `type_card` (
  `id_type_card` int(11) NOT NULL,
  `type_card` varchar(30) NOT NULL
) ENGINE=InnoDB DEFAULT CHARSET=utf8;

--
-- Дамп данных таблицы `type_card`
--

INSERT INTO `type_card` (`id_type_card`, `type_card`) VALUES
(1, 'Visa'),
(2, 'MasterCard'),
(3, 'Maestro');

-- --------------------------------------------------------

--
-- Структура таблицы `valyta`
--

CREATE TABLE `valyta` (
  `id_valyta` int(11) NOT NULL,
  `valyta` varchar(30) NOT NULL
) ENGINE=InnoDB DEFAULT CHARSET=utf8;

--
-- Дамп данных таблицы `valyta`
--

INSERT INTO `valyta` (`id_valyta`, `valyta`) VALUES
(1, 'BYN'),
(3, 'EUR'),
(2, 'RUB'),
(4, 'USD');

--
-- Индексы сохранённых таблиц
--

--
-- Индексы таблицы `admin`
--
ALTER TABLE `admin`
  ADD PRIMARY KEY (`id_admin`);

--
-- Индексы таблицы `bank_card`
--
ALTER TABLE `bank_card`
  ADD PRIMARY KEY (`id_card`),
  ADD KEY `id_valyta` (`id_valyta`),
  ADD KEY `id_type` (`id_type`),
  ADD KEY `FIO` (`FIO`),
  ADD KEY `id_client` (`id_client`);

--
-- Индексы таблицы `category`
--
ALTER TABLE `category`
  ADD PRIMARY KEY (`id_category`),
  ADD UNIQUE KEY `category` (`category`);

--
-- Индексы таблицы `client`
--
ALTER TABLE `client`
  ADD PRIMARY KEY (`id_client`);

--
-- Индексы таблицы `credit`
--
ALTER TABLE `credit`
  ADD PRIMARY KEY (`id_credit`),
  ADD KEY `id_valyta` (`id_valyta`),
  ADD KEY `name_credit` (`name_credit`);

--
-- Индексы таблицы `credit_dopolnitelnaya`
--
ALTER TABLE `credit_dopolnitelnaya`
  ADD PRIMARY KEY (`id_credit_dopolnitelnaya`),
  ADD KEY `id_client` (`id_client`),
  ADD KEY `id_credit` (`id_credit`);

--
-- Индексы таблицы `deposit`
--
ALTER TABLE `deposit`
  ADD PRIMARY KEY (`id_deposit`),
  ADD KEY `id_valyta` (`id_valyta`),
  ADD KEY `name_deposit` (`name_deposit`(255));

--
-- Индексы таблицы `deposit_dopolnitelnaya`
--
ALTER TABLE `deposit_dopolnitelnaya`
  ADD PRIMARY KEY (`id_deposit_dopolnitelnaya`),
  ADD KEY `id_client` (`id_client`),
  ADD KEY `id_deposit` (`id_deposit`);

--
-- Индексы таблицы `history`
--
ALTER TABLE `history`
  ADD PRIMARY KEY (`id_history`),
  ADD KEY `id_plateg` (`id_plateg`),
  ADD KEY `summa` (`summa`,`information_history`),
  ADD KEY `id_client` (`id_client`),
  ADD KEY `id_card` (`id_card`),
  ADD KEY `id_valyta` (`id_valyta`);

--
-- Индексы таблицы `naznachenie`
--
ALTER TABLE `naznachenie`
  ADD PRIMARY KEY (`id_naznachenie`);

--
-- Индексы таблицы `oblast`
--
ALTER TABLE `oblast`
  ADD PRIMARY KEY (`id_oblast`),
  ADD KEY `oblast` (`oblast`);

--
-- Индексы таблицы `plategi`
--
ALTER TABLE `plategi`
  ADD PRIMARY KEY (`id_plateg`),
  ADD KEY `id_oblast` (`id_oblast`),
  ADD KEY `ind1` (`kod_uslygi`,`information_plateg`),
  ADD KEY `id_podcategory` (`id_podcategory`),
  ADD KEY `id_podpodcategory` (`id_podpodcategory`),
  ADD KEY `id_naznachenie` (`id_naznachenie`),
  ADD KEY `id_category` (`id_category`);

--
-- Индексы таблицы `plategi_dopolnitelnaya`
--
ALTER TABLE `plategi_dopolnitelnaya`
  ADD PRIMARY KEY (`id_plateg_dopolnitelnaya`),
  ADD KEY `id_plateg` (`id_plateg`);

--
-- Индексы таблицы `podcategory`
--
ALTER TABLE `podcategory`
  ADD PRIMARY KEY (`id_podcategory`);

--
-- Индексы таблицы `podpodcategory`
--
ALTER TABLE `podpodcategory`
  ADD PRIMARY KEY (`id_podpodcategory`);

--
-- Индексы таблицы `type`
--
ALTER TABLE `type`
  ADD PRIMARY KEY (`id_type`),
  ADD KEY `type` (`name`),
  ADD KEY `type_2` (`type`);

--
-- Индексы таблицы `type_card`
--
ALTER TABLE `type_card`
  ADD PRIMARY KEY (`id_type_card`);

--
-- Индексы таблицы `valyta`
--
ALTER TABLE `valyta`
  ADD PRIMARY KEY (`id_valyta`),
  ADD UNIQUE KEY `valyta` (`valyta`);

--
-- AUTO_INCREMENT для сохранённых таблиц
--

--
-- AUTO_INCREMENT для таблицы `history`
--
ALTER TABLE `history`
  MODIFY `id_history` int(11) NOT NULL AUTO_INCREMENT, AUTO_INCREMENT=85;

--
-- Ограничения внешнего ключа сохраненных таблиц
--

--
-- Ограничения внешнего ключа таблицы `bank_card`
--
ALTER TABLE `bank_card`
  ADD CONSTRAINT `bank_card_ibfk_1` FOREIGN KEY (`id_valyta`) REFERENCES `valyta` (`id_valyta`),
  ADD CONSTRAINT `bank_card_ibfk_2` FOREIGN KEY (`id_type`) REFERENCES `type` (`id_type`),
  ADD CONSTRAINT `bank_card_ibfk_3` FOREIGN KEY (`id_client`) REFERENCES `client` (`id_client`);

--
-- Ограничения внешнего ключа таблицы `credit`
--
ALTER TABLE `credit`
  ADD CONSTRAINT `credit_ibfk_1` FOREIGN KEY (`id_valyta`) REFERENCES `valyta` (`id_valyta`);

--
-- Ограничения внешнего ключа таблицы `credit_dopolnitelnaya`
--
ALTER TABLE `credit_dopolnitelnaya`
  ADD CONSTRAINT `credit_dopolnitelnaya_ibfk_1` FOREIGN KEY (`id_client`) REFERENCES `client` (`id_client`),
  ADD CONSTRAINT `credit_dopolnitelnaya_ibfk_2` FOREIGN KEY (`id_credit`) REFERENCES `credit` (`id_credit`);

--
-- Ограничения внешнего ключа таблицы `deposit`
--
ALTER TABLE `deposit`
  ADD CONSTRAINT `deposit_ibfk_1` FOREIGN KEY (`id_valyta`) REFERENCES `valyta` (`id_valyta`);

--
-- Ограничения внешнего ключа таблицы `deposit_dopolnitelnaya`
--
ALTER TABLE `deposit_dopolnitelnaya`
  ADD CONSTRAINT `deposit_dopolnitelnaya_ibfk_1` FOREIGN KEY (`id_client`) REFERENCES `client` (`id_client`),
  ADD CONSTRAINT `deposit_dopolnitelnaya_ibfk_2` FOREIGN KEY (`id_deposit`) REFERENCES `deposit` (`id_deposit`);

--
-- Ограничения внешнего ключа таблицы `history`
--
ALTER TABLE `history`
  ADD CONSTRAINT `history_ibfk_1` FOREIGN KEY (`id_plateg`) REFERENCES `plategi` (`id_plateg`),
  ADD CONSTRAINT `history_ibfk_2` FOREIGN KEY (`id_client`) REFERENCES `client` (`id_client`),
  ADD CONSTRAINT `history_ibfk_3` FOREIGN KEY (`id_card`) REFERENCES `bank_card` (`id_card`),
  ADD CONSTRAINT `history_ibfk_4` FOREIGN KEY (`id_valyta`) REFERENCES `valyta` (`id_valyta`);

--
-- Ограничения внешнего ключа таблицы `plategi`
--
ALTER TABLE `plategi`
  ADD CONSTRAINT `plategi_ibfk_1` FOREIGN KEY (`id_category`) REFERENCES `category` (`id_category`),
  ADD CONSTRAINT `plategi_ibfk_2` FOREIGN KEY (`id_oblast`) REFERENCES `oblast` (`id_oblast`),
  ADD CONSTRAINT `plategi_ibfk_3` FOREIGN KEY (`id_podcategory`) REFERENCES `podcategory` (`id_podcategory`),
  ADD CONSTRAINT `plategi_ibfk_4` FOREIGN KEY (`id_podpodcategory`) REFERENCES `podpodcategory` (`id_podpodcategory`),
  ADD CONSTRAINT `plategi_ibfk_5` FOREIGN KEY (`id_naznachenie`) REFERENCES `naznachenie` (`id_naznachenie`);

--
-- Ограничения внешнего ключа таблицы `plategi_dopolnitelnaya`
--
ALTER TABLE `plategi_dopolnitelnaya`
  ADD CONSTRAINT `plategi_dopolnitelnaya_ibfk_1` FOREIGN KEY (`id_plateg`) REFERENCES `plategi` (`id_plateg`);

--
-- Ограничения внешнего ключа таблицы `type`
--
ALTER TABLE `type`
  ADD CONSTRAINT `type_ibfk_1` FOREIGN KEY (`type`) REFERENCES `type_card` (`id_type_card`);
COMMIT;

/*!40101 SET CHARACTER_SET_CLIENT=@OLD_CHARACTER_SET_CLIENT */;
/*!40101 SET CHARACTER_SET_RESULTS=@OLD_CHARACTER_SET_RESULTS */;
/*!40101 SET COLLATION_CONNECTION=@OLD_COLLATION_CONNECTION */;
